Wav_id,H_MaxP,A_MaxP,H_Max,A_Max,AUO_Left_H_70,AUO_Right_H_50,AUO_Right_H_60,AUO_Right_H_70,AUO_Left_A_70,AUO_Right_A_50,AUO_Right_A_60,AUO_Right_A_70,W_Left_H_70,W_Right_H_50,W_Right_H_60,W_Right_H_70,W_Left_A_70,W_Right_A_50,W_Right_A_60,W_Right_A_70,Mean_beat_highcP,Mean_beat_lowcP,Mean_beat_medcP,Mean_beat_Slope_until_50,Mean_beat_Slope_until_70
1,105.87732962451,98.821347404357,6.14112647253702,2.16551207773423,4.56853169679249,15.6711639989015,11.2230844938803,6.91671077277087,2.88059009588561,11.1396784198878,7.23008743894458,3.98538985303011,22.5791431044901,55.0366613171946,43.7470897649496,35.2799111007658,15.523160884337,45.1582862089802,38.1023039888271,29.6351253246433,0.322052139255208,0.480745397035702,0.431004367374166,12.8424581784748,14.2475514123923
2,105.571884492373,102.925047729778,5.96030612163027,2.21286733481223,3.63231113466716,12.0584388746725,7.43973935969806,4.46775634221545,2.59206205493335,7.18552866308215,4.43094382477692,2.23739559018022,19.8512757194576,41.0259698202124,33.0854595324294,29.1152043885378,15.8810205755661,34.4088779137266,27.7917860072407,15.8810205755661,0.317878504681729,0.474743140661689,0.480069053130218,13.1085877581562,14.8699283905782
3,104.701306022026,101.46075958354,7.02776882784494,2.26922835985955,3.40510284442574,12.1220127606673,8.43803946691707,5.05823036123884,2.50960911526224,8.74961197275533,5.71333331215005,3.45056028427782,19.4432786309167,45.3676501388056,37.2662840425903,30.7851911656181,16.2027321924306,38.8865572618334,34.0257376041042,24.3040982886458,0.299377420570526,0.457864370100131,0.436028059670014,12.7570261846512,14.4095452242626
4,106.371555117051,96.7138729105164,7.30425908335044,2.33319455875831,4.9803316730252,10.8958387815138,6.83501927471329,4.12880197357577,2.53202203641633,9.21391224021051,6.88488875074149,3.76651747453905,24.1442055163373,43.4595699294072,32.1922740217831,27.3634329185156,14.4865233098024,40.2403425272288,35.4115014239614,24.1442055163373,0.302028230876794,0.451436499413913,0.373509017520666,13.5482138678924,15.4355920582109
5,94.0693312316996,89.0368652152447,3.01223050702728,1.27939639798193,3.44787116651009,7.06510074051922,4.8403960600366,2.93149407012818,2.5619896065758,7.4501343287399,4.95093383938997,3.40690315551421,16.7748867215163,24.3235857461987,20.9686084018954,17.6136310575921,12.5811650411372,25.1623300822745,21.8073527379712,19.2911197297438,0.355890391653425,0.533015231355612,0.417009523547986,12.7083498824352,14.1857535088164
6,89.4825659781373,86.1764475644622,3.04300058732892,1.27649822202928,2.94261414917324,8.21160928823283,6.13463052006844,3.88965594743755,2.57351242979789,7.44756318616781,5.51602750003325,3.16617223959886,14.877532861538,28.1020065162384,25.6224177059821,22.316299292307,13.2244736547004,26.4489473094009,23.9693584991445,19.8367104820507,0.325962163199621,0.532655111290371,0.445211888389077,14.5977798150798,16.3989481582979
7,86.3197183894573,85.4386040185998,4.44849790237122,1.47428295094655,2.93321845508167,8.04424378991341,5.02394775081292,3.13012261695211,2.78300340076971,6.06800914152371,4.18750754010954,2.26584099674575,15.8600586754338,29.9578886091526,24.6712023840081,19.3845161588635,14.9789443045763,22.0278592714358,18.5034017880061,14.9789443045763,0.298408643854752,0.422366314693218,0.403553018167196,12.0971555780452,13.8383886979681
8,84.829888703862,79.5072981793049,4.28168722626959,1.53203687679591,3.68643300118889,6.37796880913836,4.44169707039681,2.60100123217077,2.47845625126458,7.25390983903125,4.76718464025892,2.88047847263009,18.6290668359497,24.8387557812663,21.2903620982283,16.8548699944307,12.4193778906332,24.8387557812663,21.2903620982283,17.7419684151902,0.297432728835692,0.378222901542253,0.382346337706371,14.5566245608156,16.2537929957417
9,105.556774903253,90.8916102836135,2.81650050639371,1.30986526369209,5.04553218542921,9.29465739957506,7.34242971108835,4.30157024645674,2.23553037120759,11.4144494506873,7.15834657107182,4.43257407505929,23.6898813086488,31.5865084115317,29.3303292392794,24.8179708947749,11.2808958612613,40.6112251005408,34.9707771699101,30.4584188254056,0.331985735858821,0.5660622702718,0.393361302856443,16.7433130010695,18.4788451875198
10,117.803507824271,91.480125661222,3.19042704452626,1.5178355316574,7.67706729545026,6.57059380866948,4.2325530817918,2.64657578133469,2.14295773523284,11.3370084493674,7.61286437462332,4.14455561545463,36.308113328343,22.6925708302143,19.0617594973801,16.3386509977543,10.8924339985029,42.662033160803,39.0312218279687,33.5850048287172,0.300767735267359,0.53597582717214,0.37663079618901,16.9816923726102,19.3592777006094
11,89.2307241089622,85.5759765944343,4.64381121886403,1.98307814467691,3.38059995493261,9.33917474340252,6.27124950401966,3.8655644174561,2.1989291811582,7.99538202708405,5.34230544585828,3.00898150661119,16.4463638153757,34.7201013880154,29.2379801162235,23.7558588444316,11.8779294222158,30.1516669948554,24.6695457230635,19.1874244512716,0.30368873242593,0.440085124489686,0.418191164464832,16.0604070704619,18.1780793264151
12,89.4225738246305,83.060431624717,4.60191775707348,1.86146599044541,3.74846831705504,8.87452677327498,6.51249521645252,4.13820521558177,2.14009845365991,8.86230056165004,5.80619989711442,3.37302360752672,18.2911588247513,30.2201754495891,27.0391043496324,22.2674976996972,11.9290166248378,31.8107109995675,27.0391043496324,22.2674976996972,0.350772042180906,0.464599279831894,0.387198664585354,17.142253935625,19.7066905425
13,119.612711844705,101.868184530351,1.61769221777989,0.619347094283147,6.15500861909206,11.4303025071365,7.06780154246872,5.05707110728022,2.61290393066235,14.0816354334934,10.1381907877181,5.41882755768356,31.6866559184896,41.8263858124062,38.0239871021875,31.6866559184895,15.209594840875,55.7685144165416,49.4311832328437,40.5589195756666,0.389892336687466,0.531517840039086,0.401606008913337,10.3573628077796,11.5358205353371
14,95.5072520531308,94.3768466978937,1.98254021286827,0.6549207870475,3.33935599200931,8.16481170893363,4.96611928624243,2.83355946562226,2.95662668605154,6.25337554055068,4.00576384030344,2.07635282490223,16.9560803285564,33.9121606571128,29.3905392361645,24.8689178152161,15.8256749733193,29.3905392361644,22.6081071047419,13.5648642628451,0.332427728471868,0.470735167081733,0.434714323605257,9.73894906514084,10.7684587992331
15,96.0575882947497,95.0769572989282,2.20842611277355,0.704534419551374,3.07946956846863,8.19546569256001,4.92061194740809,2.20661607812631,2.79014638461998,5.9643750368625,3.54408133793236,2.07758432725916,16.6707269289656,37.2639778412173,26.4770368871807,22.5545129038946,15.6900959331441,27.4576678830022,24.5157748955376,13.7288339415011,0.294915512400853,0.429100235356196,0.439961350632437,10.2818697621339,11.5415031872926
16,90.5523689243788,90.5523689243788,4.77912873796388,2.02116535169943,1.71479322184896,7.81185087535579,4.94173982179177,3.00226744369247,1.73161340826127,5.19768653249337,3.56805247063797,1.93708611947123,9.66529143302924,28.9958742990877,25.4812228688952,21.0879085811547,9.66529143302924,21.0879085811547,17.5732571509622,13.1799428632217,0.307992501342493,0.500448631763124,0.463384838802334,17.3775968464512,19.4274121422559
17,95.6306989287756,89.879594964226,4.48885263708826,1.91334863333455,3.36814642177689,6.38083820862004,4.17405098097955,2.37543337587849,2.02317307208695,6.47447750440504,4.21815543023983,2.7120093798857,16.53442389808,23.723303853767,20.8477518714922,16.53442389808,10.7833199335304,23.0044158581983,18.6910878847861,15.8155359025113,0.343051629226529,0.501371323920797,0.414851569097858,19.1395668053406,21.5698744158878
18,91.0832534847487,91.0832534847487,4.84304545981477,2.11488014806674,1.99098326949823,7.91107413143555,5.31344739864566,3.37618816409053,2.20118744569698,5.58629924013155,3.44915696995488,1.90994515074001,11.2000015332824,29.8666707554198,27.3777815258015,23.644447681374,11.2000015332824,22.4000030665648,17.4222246073282,13.6888907629007,0.325080117595152,0.495714471454374,0.462866354039825,16.5850572183099,19.2117915857381
19,91.1813782981374,89.5732612469833,5.47419218791038,2.24149152388014,2.60677986916601,6.99454340945554,4.57167113506028,2.47593057403933,2.24968522939655,5.68959359186246,3.84156998729918,2.36068993593476,13.6689949348101,26.5339313440432,21.7095801905808,16.8852290371184,12.060877883656,20.9055216650037,16.8852290371184,13.6689949348101,0.336056482864649,0.474616261817807,0.426923394301,19.1990064538043,21.9250465088664
20,83.8281079707101,78.9598200520685,5.59409751042307,2.32744504082054,2.74365835231898,7.85380685846606,5.08069327051589,3.09070473116893,1.63306368767317,6.06441787569852,4.14471914309146,2.38091971342927,13.6312061721967,31.1570426793066,26.288754760665,20.446809258295,8.76291825355499,21.4204668420233,18.4994940908383,15.5785213396533,0.285018110091676,0.519205140998816,0.434130465411723,18.0077643378455,18.4610329605139
21,84.8761349503839,77.5819329925475,5.5324707798512,2.35356198618216,4.18825983255303,8.34945848858366,5.33218564674323,3.0320616139026,1.96851070901129,7.45876731344625,4.7376594151585,2.94041577633677,18.6407383366929,30.7977415997536,26.7454071787334,22.6930727577131,9.72560261044849,27.5558740629374,21.0721389893051,17.8302714524889,0.256990463754485,0.466254270379454,0.423480754330858,17.0307211656593,18.293476674881
22,72.4253441010431,72.4253441010431,5.8494211793275,2.30782928064064,1.66079944655869,9.57136393134163,6.39957039121501,3.8494238791496,1.55230900831122,4.88699665109546,2.81437116008706,1.63514279434982,9.55658772542135,33.0136666878192,26.932201771642,23.4570789623979,8.68780702311032,21.7195175577758,17.3756140462206,12.1629298323545,0.289353710909403,0.467614640491083,0.468637161636174,17.2388136611149,17.8922151815668
23,74.9478232331003,75.6787515314081,5.90919252174931,2.40937668767215,2.40218344664276,6.87603983059904,4.41644044500305,2.49167639378891,1.90355717166835,2.76692894756981,1.81765354187536,0.92705254726168,13.8876376678485,27.0443470373892,22.6587772475423,17.5422791593876,10.9639244746172,11.694852772925,8.77113957969378,6.57835468477033,0.255029717295384,0.42930382822102,0.48175240339851,17.952648766328,18.936167304538
24,104.952721758114,102.722587274775,2.94286987299645,1.4999773396015,3.18821968374815,5.80389208451627,3.83723386105193,2.22976703008502,2.44624809899678,6.22433413412507,4.08746964942403,2.36260244841587,15.6109413833786,22.301344833398,18.9561431083883,15.6109413833786,13.3808069000388,22.301344833398,18.9561431083883,15.6109413833786,0.426105122660648,0.567677543482282,0.482926607891761,12.5989674661824,13.1569375484163
25,108.480939915981,102.323213400198,2.90593690432221,1.40388048838833,3.03092587138237,6.70782927789309,4.69172702839264,2.64289325793373,2.13304386820473,7.25765765636593,4.58912372624753,2.86223626938723,15.8341538977281,24.6309060631326,21.1122051969708,16.7138291142686,11.4357778150259,26.3902564962135,21.9918804135113,18.4731795473494,0.370570719321407,0.586202811588529,0.468003755085535,13.0977041830696,14.1422930253579
26,89.7775107316851,90.6904859114391,3.55803915591679,1.81451037309233,2.20671182445544,4.57128953211521,2.73189068704677,1.56974921882389,1.87782597933169,3.82287163795209,2.73972992030898,1.7938838014774,11.868677336801,17.3465284153245,13.6946276963088,10.9557021570471,10.9557021570471,14.6076028760627,12.7816525165549,10.955702157047,0.445282115748981,0.510273788680676,0.478936558461921,11.6288298892724,12.6176637209637
27,88.0915835856081,88.0915835856081,3.93813566502751,1.92306488610348,2.64365124825977,9.43561311091128,6.76005128052366,4.3517285448197,2.49531477948519,8.02191707965012,5.49562508049427,3.48942391695897,13.3249382123323,28.0525014996469,23.8446262746999,21.0393761247352,12.6236256748411,23.8446262746999,21.0393761247352,18.9354385122617,0.3964784225307,0.49151580445473,0.441120042901015,13.5298871050824,14.4985018993956
28,147.971479566754,146.635038418362,3.13456685942022,1.33598844152492,7.81239258697678,6.50836806777697,3.92817027455026,2.56052557911732,8.37826622479505,3.73009788502416,2.21340445726226,1.40011070540135,48.1118813421353,24.0559406710677,20.0466172258897,17.3737349291044,48.1118813421353,18.7101760774971,14.7008526323191,10.6915291871412,0.383809491602024,0.552618199845841,0.36385678462286,11.4424162400458,13.0903866178344
29,146.618871821048,141.268732633416,3.2814363409815,1.41723794414641,9.60493906836277,6.00629915031334,4.1945693757352,2.74878041879766,5.70448046685018,5.15414009944642,3.65664910143723,1.76331173637503,45.4761830948734,22.7380915474367,20.0630219536206,17.3879523598045,38.7885091103331,22.7380915474367,18.7254871567126,12.0378131721724,0.355400671041374,0.547971890320326,0.352387083521526,14.2501144073326,16.1916560112254
30,122.995643001131,109.104285861795,3.86289877715926,1.46721201195466,6.27246125804369,7.09035006487434,4.80943586996258,2.76799553921906,2.18898714540081,9.15923053468139,5.99415114681251,4.00077413886146,26.5198636296416,26.5198636296415,22.7313116825499,18.9427597354583,12.6285064903055,35.3598181728554,31.5712662257638,27.7827142786721,0.419091220888541,0.498314665555091,0.404440819655788,11.0369987249333,12.7687985402511
31,98.2414937215811,97.0843483042588,3.40660140633089,1.18838156752294,2.26579940298225,8.57582174418411,5.86330783657926,3.11400360835077,2.07700479045229,5.44861632189016,3.66222331611948,2.20681986941713,12.7285995905454,32.4000716850247,24.3000537637685,20.8286175118016,11.5714541732231,24.3000537637685,21.9857629291239,17.3571812598347,0.332919204625737,0.462979958259016,0.486215263113747,14.3461855176776,16.18815844897
32,90.1048518684885,77.4627509689754,1.83966984713962,0.826332997600647,4.68748724608403,6.19639715152959,4.09467447785121,2.49073698697087,1.75915811393935,7.61868206303975,4.68132427943672,2.52797379643639,21.6721729705939,25.2842017990262,21.6721729705939,16.2541297279454,9.0300720710808,31.6052522487827,26.1872090061343,21.6721729705939,0.371637582453677,0.560451527883767,0.371266766565445,14.1632394629097,15.0757032556424
33,87.2264008462996,81.5327162339003,1.87616750765795,0.773069138668176,3.48092702067712,7.09619253203144,4.53509558288535,2.33166025163047,1.94019982486531,7.20556629874044,4.48990050178039,2.54744374143904,16.267670321141,30.9085736101679,26.8416560298826,14.6409032890269,9.76060219268459,33.348724158339,20.3345879014262,16.267670321141,0.379904667112016,0.495050652634404,0.410652541609772,13.8994771027088,15.3556234752431
34,77.2599004920783,74.4777172739376,2.71062700172329,0.864392831636214,2.76964516515822,10.162107021102,6.99038602327401,4.03994844698802,1.71636964497235,8.96527174226481,6.37188159030695,4.0493582224895,12.9835216846567,38.95056505397,26.8944377753602,22.2574657451257,9.27394406046905,27.8218321814071,25.0396489632664,22.2574657451257,0.340782410702135,0.423261348101918,0.422084124975052,13.6079987102811,14.6654711830655
35,118.834028760643,83.3137783685612,4.09506320848263,1.9604902371995,12.8918505353196,13.5857232540505,9.37339375581765,6.9294798817128,3.25813171721444,18.28612649266,11.4358723173353,6.557877140029,51.3070283441181,40.7825097094272,36.8358152214181,34.2046855627454,18.4179076107091,72.3560656134999,64.4626766374817,47.360333856109,0.354549891537988,0.468322149351439,0.329490439421982,13.5928897328711,16.2471002350279
36,86.0760160658036,84.6594150505387,4.54332868674045,1.86201187384962,2.79146441268804,14.2592657217064,10.9721702053509,6.03503720891367,3.07261870047897,8.79274514126587,5.45070277983051,3.21838949231303,16.9992121831793,50.997636549538,49.581035534273,46.7478335037431,18.4158131984443,50.997636549538,48.1644345190081,22.6656162442391,0.391270987782674,0.454356978064275,0.462238530412175,16.3785162463672,19.4498942354027
37,86.1037812206356,80.607077874178,4.75564591048275,1.98536600177475,3.71953053421708,6.05304136141024,4.02874226298839,2.3659006702845,2.61754800834175,7.57701197025462,5.32295094354322,3.19076961398792,18.0605967097892,23.5573000562467,19.6310833802056,14.9196233689563,13.3491366985398,25.9130300618714,21.9868133858303,18.0605967097892,0.360729888153659,0.501106832372107,0.398106484489097,23.7725940351607,22.3325177397713
38,86.0680590696939,78.4630923524443,3.94250781569874,1.57918504106474,3.79055490751059,6.061631930634,4.01862598372837,2.35263994487621,2.41060911147993,9.39532053596059,6.47768533202133,4.06968473961608,18.6667364877943,24.8889819837258,22.1235395410896,15.9012940451581,11.7531303812038,33.8766699222934,28.345785037021,20.7408183197715,0.531322397991834,0.499157716139803,0.36197283320687,20.3655097078542,20.861354850089
39,77.431899025847,75.4260167291859,5.01987254112514,2.06414679813679,2.40395907380627,7.11005853048532,4.56654875404367,2.46258559149909,2.06383192117846,5.54906413546125,3.88098226099098,2.01839429518315,13.0382349282976,34.09999904324,24.0705875599341,17.04999952162,11.0323526316365,21.0617641149423,18.0529406699506,14.0411760766282,0.322229283414721,0.454627723826077,0.402011718299059,19.9989794071082,20.4738306650916
40,80.9856504069038,77.8348526803304,6.18027043701694,2.5470406156205,2.6740951207727,7.36208359983116,5.02306230558856,3.1784083686976,2.31267159691152,6.62156028942917,4.34373338892869,2.72268102740679,14.17858976958,23.6309829493001,21.2678846543701,18.9047863594401,11.81549147465,25.2063818125868,22.0555840860134,17.3293874961534,0.369066022511859,0.43337759024017,0.406448698013207,19.418616867451,20.5344758981043
41,84.7091472872901,84.7091472872901,6.76164890834329,2.99995722361407,3.72231343835418,6.80808918471056,4.38939713806427,2.71177939417927,3.8986637978656,6.26026802742002,4.30449235360571,2.552132817129,19.6168555890742,26.8441181745226,21.6817877563452,17.5519234218033,18.5843895054387,21.6817877563452,18.5843895054387,15.4869912545323,0.264929020797931,0.410787362442892,0.388060040436825,19.5424543175159,20.5138367315914
42,82.0945324460266,82.0945324460266,6.96932045667954,3.0569907958581,2.32875656428234,9.83401571750206,6.68046554024825,3.92318185432277,2.33501842009453,7.2871960514121,4.60192748172178,2.41201848146545,12.7522534127315,37.0974644734006,30.141689884638,23.1859152958754,12.7522534127315,30.141689884638,24.3452110606692,19.7080280014941,0.327458264854316,0.450458739458721,0.398232918969687,18.6231582874052,20.7479285621622
43,81.0821890510918,81.9152011461202,6.57587815590809,2.670225688443,2.52140455641142,6.64301296208735,4.28728787568509,2.57057044218588,2.16827370356726,4.6213642947396,2.80674280088819,1.78516277631377,13.328193520454,26.656387040908,22.4913265657662,17.4932539955959,11.6621693303973,18.3262660906243,13.328193520454,10.8291572353689,0.312039416896759,0.414792214300809,0.403618809795035,18.0443107221007,19.9161874640598
44,79.1992996718263,78.4491430342686,6.84987123236341,2.71182089191123,2.0646995735047,7.15164464912579,4.78638282129647,2.77661722269419,1.70749377877477,4.8071650253522,3.00902847760946,1.72993929404992,12.002506200923,29.2561088647498,21.7545424891729,17.2536026638268,9.75203628824993,19.5040725764999,16.5034460262691,12.7526628384807,0.291325327922493,0.422682783968939,0.439891419116352,18.5726351351351,20.6895161290323
45,116.944766424687,93.5806588538788,4.56201072490539,2.33846070872998,9.12205266403435,17.5420581631761,12.2279804933855,7.57849385156548,3.38377423344553,16.2794424148807,10.7484190383401,6.34118256562221,39.3500759087291,55.3360442466503,47.9579050137636,40.5797657808769,18.4453480822168,62.714183479537,52.8766645023548,41.8094556530247,0.252975208083607,0.495189807530349,0.374845297834827,16.7582115867617,19.3116789280624
46,92.613987595781,90.1253632974852,4.62541130270353,2.54533426172464,3.44709758787103,29.5869428138594,21.7522681679626,14.9237507107321,2.48714842150612,13.8376861016872,8.43907921954442,4.44559430816902,17.4203700880708,78.3916653963186,72.170104650579,67.1928560539874,13.6874336406271,60.9712953082478,44.7952373693249,37.3293644744374,0.279653039167154,0.4705598150189,0.476642645216905,18.9446244568688,21.9517565536709
47,114.344320624771,88.0906469772793,4.95521921885891,2.31415332115227,8.21914137419408,11.7745863637045,7.97595259230315,4.75703318341665,2.86368426551685,17.2047774753483,12.0147856626826,6.97995956278969,37.9219730463768,42.2975853209587,35.0048981966555,27.7122110723523,14.5853742486065,58.3414969944258,52.5073472949832,45.21466017068,0.358306395604942,0.525847168016535,0.375457401306758,13.0699268492013,14.2867250024814
48,106.844552970442,84.661400746101,4.54183047953317,2.16666572021016,6.77268263724475,11.1466385740713,7.48668097954871,4.47246991915266,2.05938529425831,15.5384782441205,10.4103027574747,6.59986974107324,32.0423309907152,35.7395230281054,30.8099336449185,27.1127416075282,11.0915761121707,52.9930858692598,48.0634964860728,41.9015097570891,0.377756535059989,0.558139271537105,0.405341297653105,13.489882495114,15.0728122790657
49,104.391735800118,88.354564777707,5.48528138504196,2.46641076098791,6.19799078749991,8.99418191869436,5.42291393478767,3.18987667158559,3.68891106725456,12.2788113458092,8.31827703967193,5.2331056981708,30.61641740642,34.9901913216228,27.7005681296181,21.8688695760143,17.4950956608114,43.7377391520286,37.9060405984248,32.0743420448209,0.321743605333699,0.488328799192749,0.361261175298039,11.4736029159333,13.0163198386474
50,105.840545813454,90.8862185716405,5.91190642605637,2.72124779841878,6.59081723285368,10.505320999558,7.67271522195484,4.74964469900127,2.46819095786807,12.6648088047224,9.02963874443245,5.58717360514682,28.4132217594454,38.8812508287147,32.8995199319894,26.9177890352641,13.458894517632,44.8629817254401,40.3766835528961,34.3949526561707,0.301548581188647,0.507054465357746,0.389073542089678,13.4408620160065,15.0522346834272
51,106.571042358183,82.1360169911841,3.36786086277381,1.53333676749738,7.44524985745329,9.70690058112745,6.29504110689714,3.78437937533212,2.41670159005575,14.6400824597859,10.3058556940209,6.19586900720576,35.0589494396074,37.1837342541291,31.8717722178249,26.5598101815208,12.74870888713,50.9948355485199,42.4956962904333,35.0589494396074,0.335077830656443,0.527632601488375,0.359710529865265,11.8374273391304,13.607280471028
52,107.39062137136,84.6339429408228,3.67322008662103,1.75836926990472,7.96092665383061,10.6337694921071,7.4026369844961,4.58503013052846,2.70701254910702,14.2621292110847,9.35471920411469,5.84259264381427,34.6297280464702,37.5979904504534,31.6614656424871,24.735520033193,13.8518912185881,54.4181440730247,40.5662528544366,33.6403072451425,0.290674247018688,0.511520108919204,0.371248445634664,14.0481260647359,16.0269551133734
53,106.104613048479,88.4484519620065,5.74828133925998,2.41883706895738,7.36494112708352,10.4727738302792,8.04570324947844,4.67514933028502,1.97513869546455,12.1856030750807,7.44975210974994,4.19950613759918,29.8796572232617,36.6704884103666,33.9541559355247,28.5214909858407,10.8653298993679,55.6848157342604,51.6103170219975,32.5959896981037,0.340594296025389,0.496872979984362,0.376970673866619,20.6845735785953,20.5300829875519
54,106.95869390429,83.1842347179108,5.54481298703408,2.29462655396043,8.12059312156831,11.1114393789221,8.14597970352044,5.47132669377902,1.71124467663971,13.3490419773639,8.64106186748613,4.92329338311533,33.6804838473705,33.6804838473705,29.7180739829739,26.7462665846765,9.90602466099131,51.5113282371548,47.5489183727583,39.6240986439652,0.33695049094075,0.508410303567097,0.354229155820118,19.1476393188854,20.4815198107629
55,110.488257556457,91.8084297276498,6.57307401683778,2.59186337740479,6.93512124511449,9.33181518343876,6.78568191305064,3.90373676526047,2.08955330473348,11.7304331244122,8.12250559327406,4.35173989944284,30.688288575898,36.0253822412716,32.0225619922414,24.0169214941811,12.0084607470905,45.3652961556753,40.0282024903018,33.3568354085848,0.304293230989625,0.489959123591765,0.349160885268148,19.3957011643592,20.3275944344817
56,101.717831939789,87.1414379292777,6.70522603626349,2.62277066875864,5.81631584681676,10.9831941545773,7.22098288084592,4.80096058092963,2.15974927315116,11.4887345204594,7.87404244223646,4.52250343528426,26.02927501877,37.4821560270288,32.2763010232748,28.1116170202716,11.4528810082588,44.7703530322844,39.5644980285304,30.1939590217732,0.347122475550132,0.478148789834188,0.388182998088778,18.9753608914474,20.533167965348
57,74.2733388191796,67.5661486787605,3.5507062118582,1.31909634467697,3.82228030056146,9.75907802805013,6.67958704270519,3.86628597379148,1.58773714659953,8.64958088338992,5.60160588592993,3.2342459563563,17.8858403744507,35.026437399966,31.3002206552887,24.5930305148697,8.94292018722535,35.026437399966,29.8097339574178,21.6120571191279,0.332281327860857,0.431619059503661,0.391519972796429,23.1488913755825,26.2538428967596
58,89.4524123208681,87.4899338743462,4.4951278612834,1.61422203547869,2.40322704120907,9.69959856461627,6.13658748197757,3.60384020812799,1.96108883094959,6.50122908890302,4.07516315564609,2.50110607684347,11.7748706791315,31.3996551443505,25.5122198047848,22.5685021350019,9.81239223260955,25.5122198047848,22.5685021350019,19.6247844652191,0.287775266385845,0.484871162665515,0.429251556918995,18.9776738386662,20.1783427139582
59,99.3883920319819,100.200529615689,4.65536222515528,1.4459030708054,2.52436009813873,3.35284778579973,1.95185651360377,1.10697494880235,3.48588788459044,2.50429959741886,1.58000195616586,0.922105720119539,14.6184765067341,16.242751674149,9.74565100448942,7.30923825336707,17.0548892578565,10.5577885881969,8.12137583707451,6.49710066965962,0.315564245620802,0.476404445274276,0.48396761621753,18.632886426003,20.8187332312275
60,101.471998059596,93.9543185520923,4.79487083409999,1.5340105419405,3.71181974852304,13.2474199214046,8.45544781335537,5.54153092583756,2.04029750423137,9.44223070037202,5.63834482331632,2.89273751614541,18.7941987687587,47.6119702141887,38.8413441221013,35.0825043683496,11.2765192612552,43.853130460437,31.3236646145979,26.3118782762622,0.331415696373758,0.512700051862312,0.392100925003546,11.2822160591533,13.0491696677619
61,101.06530803475,97.8096188149158,5.08291673313763,1.59919636587963,3.61969661688437,11.5883279348758,8.08532768629841,5.03086126673583,2.89856269634714,7.60374765880136,5.32380237192906,2.47602229520472,18.4489055790597,41.2387301178982,32.5568921983407,26.0455137586725,15.1932163592256,30.3864327184513,28.2159732385619,24.9602840187279,0.335983885899004,0.505508119631135,0.456499801657165,13.043196872619,14.9333643426085
62,92.8813609744053,91.409646347699,4.44712110657929,1.16542000041934,2.52146855313065,11.6434032874344,7.75422368453509,5.10002197496858,1.71562120189974,9.16163118756612,5.24124343552926,3.17691184400513,13.2454316403568,47.0948680546021,44.1514388011895,39.7362949210705,10.3020023869442,45.6231534278958,33.8494364142453,26.4908632807137,0.304104618326064,0.433288578373578,0.447581956233133,10.9803595206391,12.6264126868392
63,95.1847096541786,95.1847096541786,5.07712039590368,1.43539151722586,2.46621757474388,11.7627693945997,7.10114611001478,4.78887356516646,2.3680400152496,7.54916315071127,4.89117147248343,1.62287076372843,14.5166775606792,42.4333651773699,39.083362663367,36.8500276540317,13.4000100560116,39.083362663367,32.3833576353612,21.2166825886849,0.377454797421971,0.443935960024844,0.45700198548661,13.9925056561086,15.4135514018692
64,72.9466766730462,72.9466766730462,4.02598153770947,1.89662251084986,2.51038968743077,8.74578857106877,5.80130847945795,3.36450522097378,2.05039091469799,4.07545965666143,2.42694040011369,1.20180203480037,12.9987356508621,32.9967904983423,29.9970822712203,25.9974713017242,12.9987356508621,19.9980548474802,12.9987356508621,8.99912468136608,0.31920977889606,0.419350089789019,0.521461910366944,14.5133523945035,17.0387878402469
65,94.8391326553606,93.8375103763337,3.08431350099251,1.66821267564617,2.72611015852485,8.83010521672741,5.41183441153404,3.43796786981947,2.15981680171221,7.25467434189533,5.12511046107069,3.04692843083433,14.022711906376,32.0519129288594,27.0438015337251,23.0373124176177,12.0194673483223,28.0454238127519,24.0389346966445,19.0308233015102,0.413411721645731,0.518630004451102,0.473113663391666,10.5949939675367,11.7411377438755
66,99.7398152528863,96.2605768994131,3.37504003477187,1.74255814011622,3.72732571100966,10.5672881776905,7.30780020619291,4.56151691358684,2.47606912619787,8.82061024088316,5.61791123048013,3.33490614250073,17.3961917673661,37.4018122998371,32.1829547696272,25.2244780626808,13.0471438255246,33.0527643579955,26.9640972394174,21.7452397092076,0.307836311822478,0.480509488324364,0.449425537661972,12.3793029025635,13.8441460611332
67,85.162816352777,85.162816352777,3.53927358105385,1.70574010347187,2.65734546009873,9.01895727866235,5.7295109894898,3.61956318071109,2.19402946039087,5.31446704925499,3.10475487382445,1.91949517831122,14.2184454568497,31.483700654453,26.4056844198638,22.3432714321924,12.1872389630141,21.3276681852746,16.2496519506854,13.2028422099319,0.316492313469261,0.463827052428656,0.471955531823594,10.4803696214713,11.8707122080041
68,87.5429878218624,86.7641209411311,3.95075077854208,1.70241531609496,2.59340956268375,6.18325892939329,4.11442828749573,2.49749890005392,2.47991451895326,5.18458967927907,3.18497214791567,1.92987738397835,14.0196038531623,22.587139541206,17.9139382568185,14.7984707338936,13.2407369724311,17.9139382568185,14.7984707338936,12.4618700916998,0.334633262681248,0.458547390124764,0.419402832127974,12.3007551079317,13.8777683684739
69,103.83683228993,79.5304620978824,5.38499799233317,1.93483188782991,6.4338552301841,4.7300624512557,3.24457385447929,1.77894970788234,1.85376397441581,12.9266898199792,8.62001295875886,5.32022035231588,32.4084935893968,20.8340315931836,16.2042467946984,11.5744619962131,10.4170157965918,40.510616986746,37.038278387882,34.7233859886394,0.342218163130115,0.532921930790493,0.373318146337024,13.6219308033463,15.8338999046575
70,83.313176726966,78.8192631217306,5.28780569393264,2.17162435584658,3.30162762134366,14.9090130191252,10.9482940243108,6.78462265379896,2.25846255497786,8.82515600599634,5.79820020024933,2.91884975901943,16.1780889788476,44.0403533313072,40.4452224471189,36.8500915629305,11.6841753736121,43.1415706102601,39.5464397260718,21.5707853051301,0.288318175670698,0.487484604575039,0.458385772553082,16.0139922163212,18.5067316628571
71,82.1864477830276,79.2445182775698,7.07787825326075,2.65448014345214,2.61865348641044,9.27608278301589,6.70784295318475,4.17394651017235,1.61657158859162,7.808051743611,4.82123862471521,2.697720307001,13.729004358803,32.3612245600356,27.458008717606,22.5547928751763,9.80643168485928,30.3999382230638,26.4773655491201,22.5547928751764,0.324349254747381,0.473957450418641,0.455421902852202,13.2559059487798,15.60432115088
72,81.0638492823736,78.7182440398901,7.01373663305808,2.59008507819316,2.61868082741442,11.0127027807892,7.98026421852106,4.43886702518652,2.13622238875755,7.4442591267408,4.86827796120826,2.56388078966812,14.0736314549011,36.3568812584946,31.6656707735275,26.9744602885605,11.7280262124176,34.011276016011,30.4928681522858,21.1104471823517,0.312573990014409,0.470004039256698,0.434196456723349,15.8008342401745,18.5113360119647
73,128.350736938955,114.384233418542,4.82296030647884,2.26203932306183,5.69755232145166,10.0766999008232,7.78557221052269,4.85537073458057,2.96033256274341,11.9946384351279,8.18568620768205,5.19484806116929,26.5363566887841,33.5196084489904,30.7263077449079,26.5363566887841,13.9665035204127,40.5028602091968,36.312909153073,32.1229580969492,0.357846352896103,0.57848038386687,0.456719367491118,15.98811982,19.6393355639445
74,127.664869203833,105.992159566517,4.43671123008606,2.14087975034193,7.48537157603525,6.01677084602423,3.75301640523906,2.22505185961695,2.01399996707604,10.2571788851194,5.85135065555889,3.39569888655963,32.5090644559744,25.2848279102023,19.2646307887256,14.4484730915442,10.8363548186581,37.3252221531558,32.5090644559744,28.8969461830883,0.363505843833084,0.571502118755036,0.365176256999042,15.8105654998411,17.5229126037997
75,121.212954302416,112.194764085633,5.8351027935265,2.18925686995904,4.1924194680378,7.28957580666392,4.45302541877383,2.99576142947067,2.53917547979659,9.21231447124916,6.68018822887618,4.12317140712179,22.5454755419576,28.5576023531464,24.0485072447549,21.0424438391605,15.0303170279718,33.0666974615379,30.0606340559435,25.551538947552,0.339845766119229,0.501385534978094,0.400552426561191,13.8298105229661,15.2952781448984
76,102.275354128104,99.8262467645283,6.20388778362051,2.1491892500983,2.20973126131943,10.5165136023977,7.18287002686659,4.21757288102209,1.45230248538215,6.82025621494003,3.85368773044533,2.10291585340295,12.2455368178766,40.4102714989928,31.8383957264792,25.7156273175409,8.57187577251362,30.6138420446915,24.4910736357532,18.3683052268149,0.321925791602774,0.489956058076517,0.479527201727327,14.8897595046533,16.6723686663698
77,105.894837323777,103.307131419984,3.61567394989061,1.62199261715532,3.48542704907122,9.55477823755779,5.98774510153186,3.01337788211948,2.88134296180707,7.48155379649308,4.60934829679054,2.39954293530491,19.4077942784517,42.6971474125938,36.2278826531099,27.1709119898324,16.8200883746582,36.2278826531099,24.5832060860389,15.5262354227614,0.303981956431969,0.490924108326383,0.473740460955257,14.6580899861193,15.6597317692308
78,96.9255109158417,97.9673600683045,3.88947338872917,1.50691136195633,3.50980334952659,10.9734356382835,7.16467908126148,4.71623457180051,3.25489548738335,7.23546847046234,4.49365898520421,2.62179534916766,19.7951338967929,36.4647203361974,32.2973237263463,29.171776268958,18.7532847443301,29.171776268958,23.962530506644,17.7114355918673,0.344401210017194,0.455555788762291,0.437018707581056,15.1919323398773,16.2486673943059
79,83.7091389481675,80.3326345943864,6.61977643568203,2.60655559472172,3.1844672638392,9.14701339376095,5.77726850522293,3.60148650440872,2.98995089633962,7.92238598096074,5.19232601576024,3.19544188107223,16.8825217689056,33.7650435378112,28.1375362815093,24.7610319277282,14.6315188663849,31.5140406352905,28.1375362815093,23.6355304764678,0.345024561786771,0.500062355885548,0.489877237645934,13.4272248105553,15.1955481118317
80,88.2134311268464,77.7996698048901,7.06606263387416,2.91042116045446,4.50973020611126,10.445673319914,7.30051231980775,4.85602276611296,2.75874998605395,10.3833618368621,6.62104688932546,4.04940889270969,22.1292428091572,39.0516049573362,33.8447242963581,24.7326831396463,14.31892181769,36.4481646268471,31.241283965869,27.3361234701354,0.393015452639511,0.494519097278686,0.415799093245629,15.9726123914729,18.0763425544186
81,84.2576758683531,76.6184835144293,6.71114616963295,2.87350085728124,3.42090902037718,9.44959833475626,6.13762477581079,3.33587172775783,2.25415176174442,9.82321881531103,6.02512269944574,4.19056921365566,17.8247821591555,35.649564318311,29.2835706900412,22.9175770617714,11.4587885308857,34.3763655926571,29.2835706900412,25.4639745130793,0.291207014782374,0.487763020863067,0.400024109209309,13.5238861410143,15.51443052952
82,85.5062363993065,76.6124800608679,7.19716282349596,2.85071301758148,3.7616170600351,8.72118486440098,6.05380846801715,3.44129610976353,2.24217809005615,9.42256132200668,6.44854351205461,4.14098962691195,19.0580492966541,34.3044887339774,29.2223422548696,21.599122536208,11.4348295779925,35.5750253537543,30.4928788746466,25.4107323955388,0.309164466560628,0.483505138383827,0.380496204452104,15.6532282089097,17.5951813235618
83,102.406194479093,101.124313934838,2.71865541062278,1.16546920342825,2.13570782220599,8.12412570399034,5.1583818098747,3.35713425735527,1.83087132000033,6.05124941500804,4.24270553729638,2.50267344729588,11.5369248982994,33.3288941506428,28.2013719736208,23.0738497965989,10.2550443540439,24.3557303408543,20.5100887080878,16.6644470753214,0.368758521518688,0.60395847062857,0.441358759448795,8.10851065654899,9.71404380605381
84,97.8710546730268,94.6599783802492,2.63278191657175,1.26755008263155,2.88577753738664,10.3176447181064,7.38385019829549,4.92599869484313,2.35409259691632,8.99148791689767,6.45113712687835,3.67506996533888,14.4498433174992,31.3079938545817,27.2941484886096,24.083072195832,12.041536097916,29.7024557081929,27.2941484886097,24.083072195832,0.307425764219649,0.554337681781068,0.529953832193993,12.7051568800403,14.2758267597087
85,88.1043214776369,88.1043214776369,3.08651607948755,1.43355724240963,1.85582633750441,11.6625057665029,8.02959679537815,4.17048519235989,1.9619884708872,6.60386224618538,3.91148413630743,2.01134459858231,10.6234938358182,40.133198935313,35.4116461193938,30.6900933034747,10.6234938358182,30.6900933034747,25.9685404875555,14.1646584477575,0.277194764448979,0.496014161006533,0.496754677208444,7.92212075458347,9.60877752252931
86,93.3300555104921,95.2066557866423,3.82033858154055,1.55102485671965,2.15636192315658,6.8060365321465,4.26051449090004,2.47175011035552,2.26499058210313,5.10167214172753,2.94707682654202,1.60179454840035,13.1362019330516,30.0256044184036,24.3958035899529,18.7660027615022,14.0745020711267,23.4575034518778,16.889402485352,11.2596016569013,0.345970174598944,0.466552252333963,0.495151965891519,12.4317751906988,14.3178655421569
87,105.10404990979,106.358299607484,6.41522459540464,1.5871248202997,2.94169270816771,10.3649731488066,6.54918218527994,4.25963999115532,3.50031375999712,9.17225798051451,5.9885776770417,4.06375434832319,15.0509963723196,37.627490930799,30.1019927446392,26.3392436515593,16.3052460700129,31.3562424423325,27.5934933492526,25.084993953866,0.3399225264108,0.396417093177964,0.385073945709021,13.9606778557437,15.6194452302367
88,91.6776144332717,91.6776144332717,3.50920516859449,1.58992150798599,1.70305066389896,6.23770000408539,3.99640792457486,2.37834491829499,1.4569982001953,3.82408211511519,2.5700530962278,1.38518528185801,8.79061656696123,22.4649090044565,19.5347034821361,16.6044979598157,7.81388139285443,15.6277627857089,12.6975572633885,9.76735174106804,0.338407687829488,0.563955442637809,0.527036248273702,18.074957619171,20.1746203015734
89,93.3767399033017,91.0731586950698,4.61028956605128,1.98452521599809,2.45584542554525,8.92743568021442,6.15052012243707,4.10756116728187,1.87247869256843,6.29515529817285,3.99265581816743,2.45072804419319,12.2857664439033,30.7144161097583,27.6429744987825,23.8036724850627,9.98218523567147,24.5715328878067,20.7322308740869,16.8929288603671,0.382821425021124,0.501426946961909,0.483346611751327,19.0952280405405,21.6948453456522
90,97.3491249455396,96.2667082232402,6.50915254178525,2.48691701950985,2.15255214195448,7.53755957491288,5.37290579341131,2.91260881951454,1.665340657748,6.16620571978251,3.86363418446379,2.63421604596013,11.9065839452938,24.8955846128869,22.7307511682881,19.4835010013898,9.74175050069491,21.6483344459887,18.4010842790904,16.2362508344915,0.344742052063487,0.473783753769792,0.450673461321403,17.2621745877273,19.8420133569508
91,88.7299225558963,88.7299225558963,4.28620565980582,1.89829216189378,1.94356801452152,8.94910866167487,6.96085808045731,5.17288634530593,1.79490983375882,6.06246572842706,4.94763557167157,2.86701969573448,10.7107546103376,26.7768865258439,25.8843236416491,24.9917607574543,9.81819172614279,24.9917607574543,24.0991978732595,21.4215092206751,0.444740710887564,0.484504173047066,0.485735232512893,22.2079165971197,23.2099439662171
92,95.365574043724,85.1029744270929,4.31848095332712,1.65102495007848,4.63500177166313,7.75460101329498,5.14120702713501,3.19486333559351,2.53857775325353,10.3618676204746,7.10688097137086,4.40344589363151,22.2356325027006,29.0773655804546,23.0908491374199,17.9595493291043,12.8282495207888,32.4982321193316,28.2221489457354,24.8012824068583,0.321333825992518,0.454310227388332,0.394598563630927,10.584358877902,12.0597992477257
93,94.044881648865,81.2459213781167,4.07286522672262,1.60958153225648,4.85055797719765,7.14574564768281,4.65186445052929,2.54420007999021,2.30809965741412,11.81303899165,8.30741639366876,4.77541152967047,22.8552861977649,29.2547663331391,22.8552861977649,17.3700175103013,12.7989602707483,37.4826693643344,32.9116121247814,28.3405548852284,0.317729785982622,0.479973323894223,0.363332190877405,13.3293008933406,14.8181024290628
94,79.9945664450799,79.9945664450799,3.86017985745083,1.42446961583597,2.52483422161236,8.66860826083502,5.91629504423099,3.33676891998175,2.41030138178819,5.53433337370747,3.56354890312627,1.98837316112057,13.5374558746457,32.8766785527111,29.008834017098,24.1740283475817,12.5704947407425,24.1740283475817,18.3722615441621,13.5374558746458,0.31659930542499,0.417737091082227,0.433802796835289,10.5801815689304,12.1081459876045
95,78.9579781614515,77.413434624455,3.97021996475204,1.488336201132,2.81535820453226,8.65197593215448,5.3759342405005,3.22807888446267,2.14262241479797,6.0905424743172,3.96836477559865,2.29715247019405,16.2177071384632,33.2076860454247,27.8017836659369,21.6236095179509,12.356348295972,23.1681530549474,18.534522443958,14.6731636014667,0.305810380792732,0.428439043380678,0.396909939377772,13.3293008933406,14.7863175675676
96,105.274907044096,90.2620981442223,6.60900094449756,2.58147746393976,6.29240684968932,8.16879445500017,5.51849864794041,2.99213506308203,1.94019761432717,9.2731597107862,6.5233557776801,4.10373386679958,27.2960161815885,30.0256177997474,24.5664145634297,20.4720121361914,10.9184064726354,36.8496218451445,34.1200202269857,30.0256177997474,0.325016846394098,0.509532445689502,0.404035140186024,29.1357832064133,27.4240013087232
97,100.109784466131,91.5690999726179,7.01110732709521,2.9378028019713,4.9153404278049,9.90065136032092,6.423764634219,4.2981918440566,2.09794957647595,7.40524228196752,5.37728264948642,2.84310738757421,21.3517112337817,34.1627379740507,28.4689483117089,25.622053480538,11.3875793246836,34.1627379740507,31.3158431428798,21.3517112337817,0.30633451254502,0.500843277225173,0.435802812801089,26.2377855185027,25.7112755764312
98,91.7758585418877,88.7239876874031,8.07191041274168,2.80088757523084,3.03330232298149,8.2679064589941,5.59168302521249,3.0972352125896,1.77914884640021,6.41591731035265,3.99714047976996,2.32109538379147,15.2593542724232,36.6224502538157,32.0446439720887,19.8371605541502,10.6815479906962,24.4149668358771,21.3630959813925,18.3112251269078,0.339452514599374,0.457735175760008,0.451357285641907,27.3798319863839,25.8457889763079
99,88.1699884462768,88.1699884462768,8.30207242231879,2.74098352592259,2.30649266122153,8.96892193842664,6.60710850659359,4.50866741020328,2.15720096265429,6.5203790456234,4.29189299464626,2.0548576425187,13.8637019122414,33.2728845893793,30.5001442069311,24.9546634420345,12.4773317210173,26.3410336332587,20.7955528683621,16.6364422946897,0.333475048677127,0.440082597275552,0.465879811374612,25.3345409195918,25.3283851065359
100,142.931592502102,104.980672461743,6.00443262445002,2.70944054807805,13.8870291422589,8.59090482751341,5.90322344210757,3.52842955306844,2.54677501124385,14.2097104588552,9.12685628389324,5.49672176441064,54.0070785189718,33.5719677280095,27.7333646448774,21.8947615617453,14.5965077078302,59.8456816021039,54.0070785189718,39.4105708111416,0.320870603098799,0.503407546175859,0.331236553137865,27.4449336367075,27.1026353558268
101,122.708918335165,103.774367888349,6.09442036254437,2.79402102817683,7.42541463584968,14.4691433199751,10.0067299401017,6.12644395903589,2.66765662872805,13.2884808779024,8.52724250368089,5.14913528473738,34.082190804268,44.1806177092362,39.1314042567521,34.082190804268,15.1476403574524,53.0167412510835,44.1806177092362,34.082190804268,0.312106485510589,0.501003626208011,0.397831749555942,23.8286200024976,24.4448830322052
102,124.47222785141,109.752995305477,7.35803721414293,3.07745671531373,6.98281208027723,11.7674042838829,8.05827273376371,4.59759694874399,2.55981861162263,11.8643030562301,7.87202863091145,4.05677170780037,30.910388346458,42.6857743832038,35.3261581102376,29.4384650918647,14.7192325459324,48.5734674015768,42.6857743832039,27.9665418372715,0.322105830669153,0.480848495700058,0.386824417016424,23.1472158499058,24.3008477670775
103,108.753186912556,107.313824106177,7.52698402640061,3.01633955152784,2.7162148979213,17.5782757231331,12.1587136779802,7.11573191452274,2.52779683514988,10.5153390228213,6.98363646014274,3.37881069985266,15.8329908701759,57.5745122551851,50.3776982232869,43.1808841913888,14.3936280637963,51.8170610296665,40.3021585786295,25.9085305148333,0.314663783103098,0.463007836282118,0.453282200146108,23.1134010513476,24.9412803321991
104,140.73623004988,93.8538470778172,4.13678266702485,2.184945325139,10.7851563705111,8.20495672296163,5.93475889611447,3.06386310871,2.42845933285315,19.0519232195816,13.0647959871277,7.97555735148422,56.2588595664752,31.2549219813751,26.5666836841689,20.3156992878938,12.5019687925501,67.1980822599565,62.5098439627502,56.2588595664752,0.320403609164021,0.618446823691213,0.350957114740709,23.6104103069308,20.7652987714168
105,102.48387243302,94.7747690050037,5.21848075948981,2.39424186158765,4.85953810990197,10.6869581273526,7.67552753640278,4.9480806609664,2.38549957839865,8.88778233566194,5.78083522940849,3.10014005068024,21.8424597127119,38.5455171400799,35.9758159974079,32.1212642833999,12.84850571336,39.8303677114159,33.4061148547359,20.5576091413759,0.303068793045705,0.514835693981404,0.427802548441951,15.0066455586376,16.7858514726055
106,95.5555184556043,95.5555184556043,4.36786776780386,1.49360850660948,2.9441869223342,9.51835183873759,5.82768751011785,3.87021043549461,2.85339602491516,6.79611183290775,4.446762088795,2.35069267959461,16.6306747258252,33.2613494516505,28.8265028580971,25.500367912932,15.5219630774369,29.9352145064854,25.500367912932,16.6306747258252,0.390834417379616,0.477460065850453,0.478609735734085,12.2713815811207,14.2166613596864
107,87.1312432763214,86.1459092912302,2.3925301800734,0.739895987421519,3.36861103250108,7.54317126267792,5.08280127113386,2.97976179199795,2.79374194005327,6.74617220956779,4.85632651253302,2.67371150286105,17.7360117316403,23.648015642187,20.6920136869137,17.7360117316403,14.7800097763669,22.6626816570959,20.6920136869137,17.7360117316403,0.36697377092197,0.463416005855724,0.491699283929313,16.4766263088343,17.6994495831227
108,84.5690108480503,83.6083581594136,4.59363732074683,1.62237456172346,1.93912332307838,7.1126881282423,4.7372392947595,2.69825589872908,1.74311828917535,4.99461713907325,3.35945279173792,1.83536125282746,10.5671795750038,26.8982752818278,23.0556645272809,18.2524010840974,9.60652688636705,20.1737064613708,16.331095706824,12.4884849522772,0.32064676490476,0.430260084711316,0.433763699925233,14.486950581728,15.8667200195989
109,116.506120732559,89.5082270241001,5.65989742857487,2.67001938161876,9.64855503655316,7.78608563170352,4.78223864567669,2.99677893278148,2.60027074602765,12.1779522208565,7.839403364227,4.62255243776262,40.496840562688,28.2250706952068,23.3163627482143,19.6348317879699,13.4989468542293,47.8599024831767,41.7240175494361,34.3609556289474,0.344140268118214,0.503850672695614,0.352799333606811,13.7035882152258,15.469969449548
110,85.7575766674096,83.599794095658,5.55865664799693,2.11917775663395,2.37636974184263,9.51262279269432,6.83911209746749,4.01594712438914,1.96417542717301,7.0411626394623,5.00955746511435,2.60430856278948,12.9466954305099,33.4456298621507,30.2089560045232,24.814499575144,10.7889128587583,29.1300647186473,25.8933908610199,20.4989344316407,0.332064061565157,0.459232641152166,0.454591074730663,14.7553304669363,15.8968017211193
111,99.1983728058009,98.0697104087292,3.92274649891359,1.73274167013316,2.28138245843104,6.50312898770247,4.98106163646028,2.77657489231332,2.43019693923178,9.03870041674329,5.6657563571498,4.49859587005609,12.415286367789,25.9592351326498,23.7019103385063,18.0585983531477,12.415286367789,30.4738847209367,28.2165599267933,27.0878975297215,0.409813081381328,0.483954548688084,0.434621829102584,8.91053187532254,10.5369558852686
112,88.992186946251,88.992186946251,4.39707007131964,2.01969639523655,3.33267766346451,5.28656597654147,3.56826658687743,1.96083804361569,2.81613326014387,4.17058598900294,2.31496381324453,1.32376692318216,20.2744214395677,22.4085710647854,18.1402718143501,12.804897751306,17.0731970017412,16.0061221891324,11.7378229386971,9.60367331347948,0.349213901201241,0.362923473238682,0.435958945826464,9.22343481070475,11.3451722499019
113,104.071320628337,95.9449411377838,3.98460485959229,1.82897096694571,4.43697925633962,7.20565139476107,4.76135201355017,2.46698245536798,2.33547306768002,8.93131565206727,5.88297251411648,3.29283965861241,20.8964044042808,26.7009611832477,20.8964044042808,16.2527589811073,12.7700249137272,30.1836952506279,26.7009611832477,23.2182271158676,0.279118802742341,0.455137283684228,0.385978931705635,11.5750751566305,12.8551495265076
114,94.4863653701944,95.5402283588082,4.27054443876827,2.02905173432554,3.31676893471193,8.00985967535701,5.20301867162002,3.26109805200649,3.32783324913397,7.33649740125446,4.75087793865341,2.77341626100402,16.8618078178216,31.6158896584155,27.4004377039601,21.077259772277,16.8618078178216,30.5620266698017,25.2927117267324,18.9695337950493,0.309651578554279,0.423444809585542,0.42300936159987,11.5477647028851,12.8979561774731
115,105.553315369825,93.6377790418049,4.62945947108954,2.48434003628842,7.25584471980015,13.8256785803807,10.6560361936783,6.9342977235111,5.19544263030765,14.1779511725179,10.4561495982529,6.295830744236,37.0705574649528,43.6902998694087,41.0424029076264,37.0705574649529,27.8029180987146,48.9860937929734,45.0142483502999,39.7184544267352,0.335084784764245,0.477216990874101,0.387677150517809,15.8873118734063,18.7986602413435
116,105.128224610898,82.9371208929481,4.99868736341445,2.73019537071584,9.87846184952197,12.1612397809154,8.75719084223638,5.35630362015654,2.99803918335363,16.9667230785965,12.066743703101,7.9019545367953,38.8344315064123,38.8344315064124,33.2866555769249,28.6635089690187,14.7940691452999,52.7038713301311,49.0053540438061,44.3822074358998,0.333206233400884,0.46733152669396,0.394722012627468,19.754199631225,22.9163428108522
117,94.5437580828369,93.3712933823875,3.20472809705278,1.39305597474813,2.74903067952642,9.53343742604027,6.55288163948776,3.410676894761,2.49045368496498,6.8273031998819,4.2686051435589,2.20634095534911,15.2420411058422,36.3464057139314,30.4840822116844,24.6217587094374,14.0695764053928,30.4840822116844,23.449294008988,15.2420411058422,0.349931673407385,0.498686153733445,0.468081482887397,11.0346945984316,12.6931743517297
118,94.1050143073451,91.8606541982666,4.36858922089054,2.25061125736592,3.35491067744832,9.91695816433589,7.20453475948162,4.248252730797,2.78076521568123,7.63448016092693,4.75374446501766,2.96824030994519,16.8327008180885,33.6654016361769,30.2988614725592,25.8101412544023,14.58834070901,30.2988614725592,24.6879611998631,20.1992409817061,0.35561028001324,0.492707990043388,0.453667459931561,12.4824977296315,14.1221029866654
119,133.987451275407,122.697540764913,3.38371821460435,1.23892316284604,5.91271938750611,15.0765764590804,10.3821131096458,6.3766654709553,3.51224723103976,14.0325159494537,8.35263599661942,5.13111345058231,27.4183540969138,51.6110194765437,43.5467976833338,37.0954202487658,17.7412879450619,66.1266187043217,43.5467976833338,37.0954202487658,0.355679185838346,0.643517674130346,0.418971570661179,14.5428413539474,15.7841401837607
120,119.051605074112,117.521920104841,4.18603666620335,1.33269780097636,3.52235775279352,12.5899090156028,7.43268983278594,4.29314313987105,2.94514296238764,8.91711849133681,5.78947074087362,3.28030891550249,19.8859046005181,48.94991901666,41.3014941703069,33.6530693239538,16.8265346619769,38.2421242317656,30.5936993854125,22.9452745390594,0.313908081094495,0.444541947753064,0.453008944469475,14.9081953170789,16.0143399267962
121,72.0542667921928,74.9141128822519,2.17579411591971,0.693874664144153,2.74606878295847,9.91530247480017,6.39698096678207,3.62408088521136,3.10364443230624,6.61313662959366,3.80022699052051,2.11025122818875,15.2525124803152,40.991127290847,31.4583069906501,26.6918968405516,16.2057945103349,40.991127290847,20.9722046604334,13.3459484202758,0.304946088382712,0.41458455633141,0.389681144360612,13.5485738587626,14.4546709409503
122,94.6111935048096,87.599743722546,2.92799667006867,1.32450316590771,4.0321511164155,8.53466684180314,6.06322272380402,3.81590812031765,2.38087245894715,9.24581778530358,6.45280963193472,3.75597596494823,19.8657743830803,32.720098983897,29.2143740927652,24.5400742379228,12.8543246008167,32.720098983897,28.0457991290546,23.3714992742122,0.378963238650591,0.518238009861933,0.444850484911736,11.0581537411238,12.8431040100662
123,101.975890357703,96.6549875632222,1.96966476267813,0.777551526781317,4.14974560713799,6.72297017746492,3.91772143319215,2.47303955136982,3.14103429408919,8.47095019469429,5.82003039271983,3.43137047722722,20.2194306190262,22.3477917368185,18.091069501234,15.9627083834418,15.9627083834418,31.9254167668835,26.6045139724029,21.2836111779223,0.404943762235114,0.523302060011008,0.466963308080752,11.5685422175529,12.9729430964037
124,98.4938685828879,91.6943542457105,3.20944606225631,0.98845635773019,4.40341498689629,5.16730674462327,3.33025965598557,1.95961458987975,2.91048457164077,8.50917526846609,5.95341246620712,3.52984813030956,21.3699022025574,19.4271838205067,15.5417470564054,12.6276694833294,14.57038786538,26.2266981576841,23.3126205846081,20.3985430115321,0.35984209197193,0.432824996179599,0.377866165823066,11.7222968787335,13.1017440464398
125,94.4179334907455,93.2273363052074,2.63321813484512,1.29638105700353,1.99839168904903,7.18593503430395,4.52642763397642,2.41696646862055,1.96483055848346,5.43830141208744,3.21847601483914,2.00126973288451,11.9059718553807,30.9555268239899,25.0025408962995,17.8589577830711,10.7153746698426,22.6213465252234,17.8589577830711,14.2871662264569,0.2966087023021,0.55370507231232,0.518698086615995,10.9363257191058,12.0698492505002
126,86.6482345595359,87.7064055136048,3.54400749756361,1.49712250741247,2.28498770439001,6.51418234889631,4.10331914990896,2.05643833159722,2.39221056425012,5.33503514632073,3.18475972077596,1.63627691373919,12.6980514488268,32.8032995761358,26.4542738517224,13.7562224028957,12.6980514488268,23.2797609895158,15.8725643110335,11.6398804947579,0.292021160197468,0.453660813765759,0.437605674523732,10.2624164833131,11.3918123839313
127,114.89051423184,92.4930073969499,3.02933954990168,0.808732887327041,8.79911592874975,10.4715843303367,7.44992100169882,4.850078034911,2.88176032478772,17.3923698707367,12.7682543743271,8.36851388571734,39.1956369610579,37.7957927838773,33.5962602523354,27.9968835436128,16.7981301261677,55.9937670872256,51.7942345556837,47.5947020241418,0.394921515313321,0.496957948602843,0.422886892457842,18.344966794164,20.4289307344079
128,85.7769591231322,80.7180367883951,3.152786433071,0.762016710674845,4.01765817006141,13.4940176331168,8.4289712658757,5.55712376174887,2.67420287914385,11.3491602321854,7.55080158833958,4.40069699140129,19.2239048720011,43.5067320787393,38.4478097440021,35.4124563431599,13.1531980703165,43.5067320787393,40.471378677897,36.4242408101073,0.3353199684675,0.426992050288654,0.440876259169408,17.7338632611302,20.3690085420555
129,87.5625932539579,88.5515479558927,2.72464443395311,1.04802978138765,2.21644837768159,9.88115089463717,6.30171382143621,3.56231535194625,2.03437972951505,9.98086050538952,6.74967083381447,4.4039112087953,11.8674564232166,37.5802786735192,33.6244598657804,27.690731654172,11.8674564232166,30.6575957599762,28.6796863561068,26.7017769522373,0.336058481112296,0.498520306546105,0.45780924452881,11.3050218936907,12.6557214951412
130,98.5266319381701,103.30611001785,2.74435588586229,1.33232872189773,2.88848871041297,11.8593602085082,8.15611851652481,4.63368496316669,2.24921844347261,6.08926798279913,4.30940489003065,2.24538324523891,15.5333037589602,40.6255636772806,33.4563465577605,28.6768684780804,14.3384342390402,23.8973903984003,19.1179123187203,15.5333037589602,0.295863226252124,0.463231291423252,0.459718237231205,8.72332792999663,10.004605761267
131,119.084296592525,103.882257837604,1.82426503446908,0.704822450430303,6.52755592081225,9.46724869004023,5.91233137253986,3.45774917057628,3.93006114357382,14.2877796599774,8.97752081725729,5.52182078893661,31.7860810330158,31.7860810330158,26.2580669403173,22.1120563707936,22.1120563707936,41.4601056952379,37.3140951257142,34.550088079365,0.305432671098681,0.517605617346947,0.405409633031852,14.2862811773798,15.698010928203
132,105.962937068642,103.334255602091,3.70267783287269,1.36922924625587,2.70966663476752,18.113932122264,13.3405601789047,8.02508831045587,2.2266217772587,14.2063854880103,8.02527814154078,4.58001299046339,14.4577480660325,59.1453329974058,55.2023107975787,48.6306071312003,11.8290665994812,59.1453329974058,56.5166515308544,53.8879700643031,0.282332162342409,0.496046921502644,0.453055022758103,14.2655542333613,15.2275404619838
133,129.487503041795,92.06543301853,3.79956440210561,1.82967875294614,11.2219997109419,13.0466656095418,9.46850393461941,6.29542081569364,2.43734897486551,20.1897612399975,11.9259232183069,6.89277221103359,51.2820959578079,45.7380855839909,40.1940752101738,33.2640622429024,13.8600259345427,73.4581374530762,66.5281244858049,60.9841141119878,0.323831487037791,0.49769338696406,0.358321665416088,12.8094172630081,13.9758651230177
134,94.177438486985,96.2114249556576,2.23984990440523,0.710329831284111,2.26521814211472,8.69266119239104,5.80159297743861,3.12574556061702,2.143435740192,5.09781993375823,3.11154244788724,2.01113924210735,14.2379052807082,32.5437834987616,26.4418240927438,21.3568579210623,11.1869255776993,21.3568579210623,16.2718917493808,13.2209120463719,0.38254665114302,0.374156889303853,0.482871273355912,15.8997115811853,17.0442904186164
135,94.2411429154627,94.2411429154627,2.32950847633729,0.755681554694808,2.92770350891804,7.75892796657787,5.03364370940079,2.82515134182073,2.18269396653839,5.45008841235946,3.52875877192915,2.09403474058329,17.0012537310921,31.573756929171,25.5018805966381,19.4300042641052,13.3581279315723,21.8587547971184,17.001253731092,13.3581279315723,0.353930584106689,0.436399551850164,0.507326099460589,15.6282803995472,16.9172202783037
136,114.798476767781,97.5705799823684,3.28916075591346,1.63828089817179,7.28557761856308,10.3236388936614,7.17021332447204,4.77138729875609,2.25201977558676,10.0665934474059,6.6927318244724,3.77364910184571,29.6702666859875,34.4557935708242,29.6702666859875,25.8418451781181,12.4423699005754,38.2842150786935,31.5844774399222,24.8847398011508,0.298492728604594,0.576984966140765,0.408593580947224,27.2347139494878,29.0588279726237
137,85.901881924197,84.8678855112723,5.11129366117523,2.09859953925762,2.13787007523492,7.50922334402696,4.86859645782945,2.86416303561383,1.98325597523889,5.29137555183167,3.20406434235409,1.96056867229442,11.3739605421714,32.0538888006649,24.8159139101922,18.6119354326441,10.3399641292467,20.6799282584935,16.5439426067948,13.4419533680208,0.309314503861821,0.519202939651892,0.480261650007988,29.2590154127721,27.6074507776327
138,98.318714368976,95.9597450498711,3.85217069270871,1.65831530579364,3.50447215160807,14.2781209262985,11.3638524574962,6.49038884627973,3.53811477717207,9.87511929665189,6.90841073985736,3.96206471601528,18.8717545528387,43.6409324034394,38.9229937652298,33.0255704674677,17.6922698932863,37.7435091056774,34.2050551270201,29.4871164888104,0.315025061001806,0.464936235988963,0.44581862600287,11.2994549056893,12.5509826994489
139,106.757769419915,94.4073448796081,4.15316284971982,1.66647652431734,5.03872989031379,6.28067723463953,4.34976705965887,2.36419113112402,1.94211120886065,8.6754718577939,5.80130887732468,3.33649942118199,22.6424449905625,25.7300511256392,20.5840409005114,15.4380306753835,10.2920204502557,31.9052633957927,27.7884552156904,23.6716470355881,0.297128756249996,0.47307599429328,0.351461095130059,11.8757899259112,13.1461521233333
140,89.5587502510535,85.6979263842113,4.0031855789837,1.4892815559698,2.97029319476161,8.27447789607677,5.18145548654233,3.25830280600479,2.11150480788227,6.92309794940442,4.56372079096359,2.47809698028458,15.443295467369,33.4604735126328,24.4518844900009,19.3041193342112,11.5824716005267,29.5996496457905,23.1649432010535,16.7302367563164,0.334834889230777,0.495853997922491,0.45332609598302,13.1648795297073,14.9368120896372
141,76.2894107543545,76.2894107543545,6.45818978729469,2.40018260549709,2.25340695497994,8.4409959801366,5.81290656010574,3.10013508985012,1.90571761299708,5.0029125402172,3.12676523508486,2.00415883839925,13.5174447684961,33.7936119212401,28.0004213061704,21.2416989219223,11.5863812301395,20.2761671527441,16.4140400760309,13.517444768496,0.265961342260286,0.427991734439558,0.422109245453937,12.4647545991696,14.2673169983932
142,76.1458296013394,66.4700950095049,4.13102226892486,1.57405073201344,4.20089959892772,9.4636808508233,6.18422195038786,3.53120043266533,2.0541931682642,8.02885991373371,5.47183201926375,3.07673085227774,20.5609360076484,42.331338839276,30.2366705994828,22.979869655607,10.8852014158138,33.8650710714208,30.2366705994829,22.979869655607,0.305442354957225,0.460516143603674,0.377554037090361,17.2693686327375,17.7951625289898
143,111.523836750265,106.948638297333,4.26233113950322,2.13177327374313,4.30501701199502,21.1834412217719,14.4533332511416,10.2310106589581,3.13154585081332,13.7331162940678,8.71298279105375,4.67591123998579,19.8258599627053,59.4775798881159,53.3773152842066,50.3271829822519,15.2506615097733,56.4274475861612,48.8021168312746,30.5013230195466,0.380094198898125,0.497622236649429,0.436367570345582,14.5901276360351,15.9632767586635
144,98.3703735106095,88.4837104950297,2.04650353620535,0.738453717342029,4.68880698067642,7.8844920913384,4.81535546210254,2.37342133894,1.92900128980576,10.1131896131515,6.86212696989172,4.35609671101711,22.7393249358334,33.6146542529711,26.6939901420653,21.7506586342754,11.8639956186957,36.580653157645,32.6259879514131,24.7166575389493,0.406101586635165,0.453645063256967,0.399684625866939,7.86374661474462,9.02014188002336
145,91.9191414705029,86.9774510269848,2.63276222111252,1.16693570263934,4.29260797359904,13.9628679447909,9.58294942445953,5.8931561502106,3.09931675933688,10.7260273334547,6.51410266664778,3.5568746101268,21.0021843849518,46.9460592134217,40.7689461590241,35.827255715506,16.0604939414337,44.4752139916627,38.2981009372651,22.2376069958313,0.344739946107246,0.500641619471562,0.43396433058117,14.5656519351864,15.7210472952792
146,84.1199852643734,81.841131052484,3.27836393539339,1.39305032366798,3.28403288995465,13.6184989359135,9.56696364005858,5.69252740452706,2.95811584067874,9.99062553859283,6.13582863772723,3.35896534642849,17.0914065891705,45.5770842377881,38.7405216021199,33.0433860723963,15.9519794832258,42.158802919954,36.4616673902305,30.7645318605069,0.373531163476773,0.484439177891889,0.441934321971417,13.9600492220504,15.2296854463233
147,165.994417738022,108.650859783799,3.21418593913426,1.49434276912058,16.4261045087841,13.3458522963202,8.7779925443362,5.71898560419651,3.33727255274794,30.6705053276221,21.338642595146,13.0864323075475,70.7237214768743,51.6092021588002,43.9633944315705,34.4061347725334,17.2030673862667,93.6611446585633,84.1038849995262,74.5466253404892,0.32444907887213,0.517066455986331,0.358015970023042,10.7547126835443,12.1597290547744
148,97.7686831374834,95.4531610195398,4.10651191666459,1.69498067385005,2.71169089330518,10.6078572771771,7.07217708418855,4.21058690470057,2.1993144960195,7.84249511524655,5.1238501806977,2.78372465261425,13.8931327076614,39.3638760050407,34.7328317691536,28.9440264742946,11.5776105897178,31.2595485922382,24.3129822384075,18.5241769435486,0.368494172737548,0.500940113053032,0.493880526113241,18.4854623292911,18.7829923914449
149,94.9281970835227,94.9281970835227,6.03244008890672,2.22269985652349,2.45948734605188,6.91699033993677,4.50884188708394,2.65733693816557,2.60966154667,5.58628084686358,3.60385658086609,1.89486495752818,14.7625924176983,28.2949688005884,23.3741046613556,18.4532405221229,14.7625924176983,20.9136725917392,17.2230244873147,13.5323763828901,0.325934139487785,0.462689826271293,0.455311929292555,12.0112791333882,13.9457612707844
150,124.307801526793,122.912148655975,3.89209875937866,1.2116007256097,3.18364818160308,8.23099646051634,5.77450023902565,3.18330667238819,2.59379394507605,6.65709134496654,4.106330639756,2.35302738211339,16.7478344498202,32.100016028822,27.9130574163669,22.3304459330936,13.9565287081835,26.5174045455486,22.3304459330936,18.1434873206385,0.347789514582102,0.482043801619153,0.487626100410537,14.6062970277182,15.8624258590381
151,103.626251344598,103.626251344598,4.35400726583264,1.99958792009915,2.44040812595745,9.95826859497967,6.42051394216699,3.85001422512905,2.02709888682886,6.45559902593178,3.92216868614342,2.30963416764345,12.605611166515,39.0773946161966,32.7745890329391,23.9506612163786,11.3450500498635,25.2112223330301,20.1689778664241,16.3872945164696,0.342554504393384,0.546265066492484,0.539112487356024,21.1123575303586,21.6032124064746
152,99.4313329430483,99.4313329430483,6.69291170754385,2.51878770481262,2.99606280590142,6.48285730750921,4.07047642646072,2.22553776679953,2.69783702711967,4.41447879037678,3.02746037078073,1.42761563983504,17.6689016247944,29.9012181342674,24.464633018946,16.309755345964,16.309755345964,19.0280479036247,14.9506090671337,10.8731702306427,0.330517987794567,0.467939944607999,0.480261209454164,17.8474373990924,20.2888485705517
153,93.2770161025882,92.223246729746,3.46733097143558,1.67164042838297,2.30165996198866,5.45532776904539,3.6125763950045,2.25265374103094,2.19640213402332,5.16658269488387,3.45652477141371,1.94022177070991,12.6452324741066,21.0753874568443,17.9140793383177,14.752771219791,11.5914631012644,18.9678487111599,15.8065405926332,12.6452324741066,0.393271172835581,0.548375373227775,0.492180896899055,22.1581796528914,23.7074684960234
154,88.4277461305057,89.6850514696687,4.99158605069771,2.24209639328098,2.1125814532021,8.05281028262942,4.93947481862062,3.21807107229046,1.93330592168328,4.79066307351431,3.48503260313808,1.98911593832695,12.5730533916294,26.4034121224216,22.6314961049328,20.116885426607,11.3157480524664,20.116885426607,17.6022747482811,13.8303587307923,0.346726006290409,0.451085291502585,0.471563354459553,29.2171247470787,29.0761211871062
155,104.716831579276,101.524897312562,3.57452798423731,1.74199927296174,2.55721599631957,10.0464378375067,6.58869996065093,3.92117817317154,2.47645546190939,7.20167241676806,4.62448690711948,2.89553793881752,14.3637042002127,39.8991783339242,33.5153098004963,25.5354741337115,12.7677370668557,30.3233755337824,23.9395070003545,19.1516056002836,0.312285177223565,0.547063686041201,0.524174544340305,22.833316890738,23.7009026125973
156,95.4703971893736,91.7836323356124,5.4512652593881,2.45047220687279,3.28063497443781,7.42401758749399,4.6554860402018,2.72474395009276,3.22449308366702,7.04556251730673,4.55280325565637,2.60821033169217,19.6627458867266,31.9519620659307,24.5784323584082,18.4338242688062,17.2049026508857,30.7230404480103,25.8073539763286,18.4338242688062,0.344673958388276,0.451001113407591,0.439225971680411,24.3633116064668,24.1927374820156
157,91.9417752138077,94.3589021236274,1.65369010221377,0.58399384188233,3.90452546218254,10.2578533692187,6.71503340763178,4.33770733232516,2.94448612550157,6.5830005470067,4.58996502209833,2.52563219205421,21.7541421883776,36.2569036472961,31.4226498276566,27.796959462927,18.128451823648,26.5883960080171,22.9627056432875,18.128451823648,0.432370534144175,0.458189990289196,0.480966536381098,13.4072662704649,14.6995485678088
158,99.0291129681749,96.3332284761723,6.64892775134883,2.06175143703646,3.37169864491766,9.96992832863211,7.25496620258233,4.44854581085391,2.76756932504506,8.69177178702736,5.59727597653542,3.42747078451326,17.5232491980165,36.3944406420342,32.3506139040304,26.9588449200253,14.8273647060139,36.3944406420342,32.3506139040304,26.9588449200253,0.304088599758833,0.508006141343485,0.429270551323682,24.1172534256437,24.5843611905949
159,96.2029967112381,81.9453172343056,6.38130290655969,2.75424701847618,5.56128669290212,5.89142001200671,3.81683249170329,2.37638421033484,2.04648091003594,10.7560273924964,6.89185999078965,4.254309068442,24.9509390846317,23.7627991282207,19.0102393025765,15.4458194333434,10.6932596076993,38.0204786051531,32.0797788230979,27.3272189974538,0.365179938119994,0.4759689246063,0.359156257948189,20.2167017970713,21.0464951900627
160,85.450484664806,82.9663275271849,6.614498307591,2.28551176420784,2.56419104023988,7.5357502346715,4.78303249791909,2.66535636913909,2.08393307499792,5.42184082197003,3.49555290596765,1.90161636278137,13.6628642569161,29.8098856514533,23.5994928074005,17.3890999633478,11.178707119295,23.5994928074005,18.6311785321583,13.6628642569161,0.324698108463298,0.461257416968934,0.426331565470756,11.4802103833636,13.5045768632844
161,104.149415497636,91.9295471062911,2.38362138568292,1.19516210130731,5.17584481771212,11.1807860905987,7.66655339800702,5.08917974985135,2.01812949649953,10.7108021158696,6.91471213647091,3.92477230245049,24.4397367826907,36.659605174036,31.1051195416063,26.6615310356626,11.1089712648594,39.9922965534939,34.4378109210642,28.8833252886345,0.361844556101752,0.483089544169247,0.391540049333828,20.9832017186997,22.6871306419844
162,95.2370479867511,92.566464992859,3.64017706949515,1.51048264065765,3.20747558942952,8.18508474056862,5.39315756226377,2.97747663981383,2.5627623094218,7.62116968451598,4.54590028643698,2.88234395263105,16.0234979633522,34.7175789205965,29.3764129328125,20.0293724541903,13.3529149694602,30.7117044297585,22.6999554480823,18.6940809572443,0.343288219051748,0.445140133177913,0.424194960472709,24.2594178078238,25.6715347645755
163,96.4899643050655,83.5076403158745,5.16107822333303,2.69889075816902,5.5165995262696,4.86466728564988,3.16134802628462,1.79821251694215,2.00051840431167,7.08472467911519,4.18870127480036,2.6453847092622,23.8009273135168,21.6372066486516,17.3097653189213,12.982323989191,10.8186033243258,28.1283686432471,21.6372066486516,18.3916256513539,0.327082773475815,0.567217727960146,0.382129073875089,23.0301614974407,23.8985521547398
164,84.7479753184707,77.6921397453619,5.88286814487109,2.86876780254875,4.12850568559019,5.22130916059127,3.49031099653132,2.16540122023537,2.17889313634004,7.54385441143986,5.80991232963289,3.68068670029142,18.8155615282902,21.1675067193264,17.639588932772,14.1116711462176,11.7597259551814,25.871397101399,23.5194519103627,19.9915341238083,0.344782449592103,0.47666345524978,0.377335603093365,21.121904713467,21.5932375438558
165,97.9502952354351,83.2370398060114,5.80913657713689,2.79547863825055,5.21533531469644,11.3310252413134,7.99072884363704,4.77136371293876,1.76086860633695,10.0006049537757,6.84086064052391,3.67458193331237,24.5220923823728,36.7831385735591,31.8787200970846,26.97430162061,9.80883695294911,41.6875570500337,35.5570339544405,24.5220923823728,0.278879209889227,0.512378024800741,0.378263074158438,22.3003349840486,23.0417545152865
166,83.981810722029,82.8759560041516,5.95617951010408,2.59731514837208,2.65498604465211,10.1446566211484,7.57108084775741,4.71293572830513,2.45765493708273,7.51022654691858,4.81814549647058,2.72263758913893,13.2702566145289,33.1756415363222,29.8580773826899,25.4346585111803,12.1644018966515,29.85807738269,25.4346585111803,19.9053849217933,0.326102802850818,0.455982582833247,0.449510126370234,23.5520953232807,23.9081834985161
167,84.2228372954285,82.9826476059176,4.59481456351701,1.98640334507575,3.21034538307648,13.6969432408218,9.65499192344718,5.63078086923061,2.59588894817528,7.80597623837109,5.04873468889469,2.43457002608647,16.1224659636408,40.9262597538574,37.205690685325,33.4851216167924,13.6420865846191,37.2056906853249,33.4851216167924,17.3626556531516,0.356135641325165,0.456314025708772,0.457136349734107,19.3935451750368,20.2084237844651
168,95.8347390365821,95.8347390365821,3.43179292287803,1.40148979413553,2.45180901298493,7.31926048934055,4.97321247109193,2.67817992319047,2.09297254288251,5.63390902278781,4.03047778306155,2.26504279522162,13.192194498549,29.0228278968079,26.384388997098,22.4267306475333,11.8729750486941,26.384388997098,23.7459500973882,18.4690722979686,0.380506967594557,0.469339053878248,0.459846623827667,16.7382091418983,17.8461353881282
169,83.6229853297328,81.0400388607472,6.25832342117199,2.46616915513324,3.04452555388699,14.9812243207336,10.7923742214319,6.51024261745647,2.07091020257768,8.42234356141442,5.39007406811462,2.87491483378049,15.4976788139136,45.2015632072479,40.0356702692767,34.8697773313056,11.6232591104352,37.4527238002912,33.5783040968127,24.5379914553632,0.25840937391407,0.427030203447154,0.434605775307201,16.5005825299454,19.1300883547893
170,88.0614450504842,84.12244929179,4.67642518847725,1.88196735441425,3.27483138972573,8.13616178270826,5.61795205816176,3.19704311144755,2.09383613629975,7.7728829405258,4.85785439086272,2.91988900881357,16.7407319744503,27.5729703108594,22.6492256124916,18.7102298537974,11.8169872760826,28.5577192505329,23.6339745521652,19.694978793471,0.366669314855548,0.441768213103476,0.453322753406113,17.5290060096753,18.2444163103905
171,95.7192766704727,94.3998779242448,4.92124056652753,1.65846023275507,3.29234883311827,5.82450701355511,4.01704403171229,2.04946750802336,3.03041055825866,5.88505812856213,3.54003445699298,2.07452179533843,17.1521837009633,25.0685761783309,21.1103799396471,14.5133862085074,15.8327849547353,23.749177432103,18.4715824471912,14.5133862085074,0.365546267534273,0.482852067108992,0.43777034710082,21.3199511254372,22.9723178292423
